First_Name,Last_Name,Height,Weight,Age
Adam,Donachie,74,180,22.99
Paul,Bako,74,215,34.69
Ramon,Hernandez,72,210,30.78
Kevin,Millar,72,210,35.43
Chris,Gomez,73,188,35.71
Brian,Roberts,69,176,29.39
Miguel,Tejada,69,209,30.77
Melvin,Mora,71,200,35.07
Aubrey,Huff,76,231,30.19
Adam,Stern,71,180,27.05
Jeff,Fiorentino,73,188,23.88
Freddie,Bynum,73,180,26.96
Nick,Markakis,74,185,23.29
Brandon,Fahey,74,160,26.11
Corey,Patterson,69,180,27.55
Jay,Payton,70,185,34.27
Jay,Gibbons,72,197,30
Erik,Bedard,73,189,27.99
Hayden,Penn,75,185,22.38
Adam,Loewen,78,219,22.89
Daniel,Cabrera,79,230,25.76
Steve,Trachsel,76,205,36.33
Jaret,Wright,74,230,31.17
Kris,Benson,76,195,32.31